epoch_s	power_w	temp_c	util_pct	gfx_clock_mhz	throttle	vram_mib	mem_available_kb	swap_total_kb	swap_free_kb
1789560239	107.09	38	0	1695	0x0000000000000000	21452	45617744	8388604	8378476
1789560241	195.72	46	100	1635	0x0000000000000004	23272	45249396	8388604	8378476
1789560243	348.61	47	100	1635	0x0000000000000004	23292	45177520	8388604	8378476
1789560245	348.09	48	100	1635	0x0000000000000004	23292	45201684	8388604	8378476
1789560247	347.71	49	100	1635	0x0000000000000004	23292	44848172	8388604	8378476
1789560249	343.84	49	100	1635	0x0000000000000004	23292	44985816	8388604	8378476
1789560251	342.73	50	97	1605	0x0000000000000004	23292	45019616	8388604	8378476
1789560253	342.92	50	100	1605	0x0000000000000004	23292	44755800	8388604	8378476
1789560255	342.67	50	100	1725	0x0000000000000004	23292	44896888	8388604	8378476
1789560257	344.28	51	100	1695	0x0000000000000004	23292	44960624	8388604	8378476
1789560259	337.15	51	97	1605	0x0000000000000004	23292	44971244	8388604	8378476
1789560261	337.54	52	100	1635	0x0000000000000004	23292	45080124	8388604	8378476
1789560263	334.92	52	100	1605	0x0000000000000004	23292	45100224	8388604	8378476
1789560265	341.42	52	100	1800	0x0000000000000004	23292	45114260	8388604	8378476
1789560267	332.80	53	100	1590	0x0000000000000004	23292	45088140	8388604	8378476
1789560269	338.04	52	100	1590	0x0000000000000004	23292	45124036	8388604	8378476
1789560271	334.90	53	100	1650	0x0000000000000004	23292	45102712	8388604	8378476
1789560273	334.54	54	100	1605	0x0000000000000004	23292	44859724	8388604	8378476
1789560275	337.67	54	100	1590	0x0000000000000004	23292	44905708	8388604	8378476
1789560277	336.59	54	100	1620	0x0000000000000004	23292	44902752	8388604	8378476
1789560279	334.28	54	100	1620	0x0000000000000004	23292	44800948	8388604	8378476
1789560281	332.96	55	100	1620	0x0000000000000004	23292	44725328	8388604	8378476
1789560283	338.08	54	100	1815	0x0000000000000004	23292	44773068	8388604	8378476
1789560285	330.04	54	100	1605	0x0000000000000004	23292	44774156	8388604	8378476
1789560287	336.20	54	100	1605	0x0000000000000004	23292	44138096	8388604	7997156
1789560289	336.57	56	100	1605	0x0000000000000004	23292	44649596	8388604	8378476
1789560291	330.85	56	100	1605	0x0000000000000004	23292	44646152	8388604	8378476
1789560293	329.75	55	100	1890	0x0000000000000004	23292	44703668	8388604	8378476
1789560295	331.44	57	100	1605	0x0000000000000004	23292	44789776	8388604	8378476
1789560297	328.83	56	100	1860	0x0000000000000004	23292	44836956	8388604	8378476
1789560299	330.91	56	100	1620	0x0000000000000004	23292	44909892	8388604	8378476
1789560301	331.17	57	100	1605	0x0000000000000004	23292	44944556	8388604	8378476
1789560303	332.24	57	100	1575	0x0000000000000004	23292	44958768	8388604	8378476
1789560305	331.40	58	100	1620	0x0000000000000004	23292	44988672	8388604	8378476
1789560307	332.55	57	100	1890	0x0000000000000004	23292	44816564	8388604	8378476
1789560309	332.38	58	100	1665	0x0000000000000004	23292	44995132	8388604	8378476
1789560311	332.57	57	100	1785	0x0000000000000004	23292	44983728	8388604	8378476
1789560313	336.36	59	100	1605	0x0000000000000004	23292	44914708	8388604	8378476
1789560315	329.27	57	100	1830	0x0000000000000004	23292	44843512	8388604	8378476
1789560317	333.00	57	100	1845	0x0000000000000004	23292	44730244	8388604	8378476
1789560320	329.53	57	100	1905	0x0000000000000004	23292	44714644	8388604	8378476
1789560322	331.87	58	100	1890	0x0000000000000004	23292	44692764	8388604	8378476
1789560324	327.92	58	100	1890	0x0000000000000004	23292	44761136	8388604	8378476
1789560326	331.31	58	100	1800	0x0000000000000004	23292	44789860	8388604	8378476
1789560328	335.57	60	100	1620	0x0000000000000004	23292	44665144	8388604	8378476
1789560330	336.98	58	96	1620	0x0000000000000004	23292	44854140	8388604	8378476
1789560332	331.73	59	100	1770	0x0000000000000004	23292	44846232	8388604	8378476
1789560334	333.08	60	100	1755	0x0000000000000004	23292	44802376	8388604	8378476
1789560336	334.70	60	100	1590	0x0000000000000004	23292	44718580	8388604	8378476
1789560338	334.82	59	100	1830	0x0000000000000004	23292	44748780	8388604	8378476
1789560340	332.95	59	100	1890	0x0000000000000004	23292	44804708	8388604	8378476
1789560342	331.24	61	100	1725	0x0000000000000004	23292	44752316	8388604	8378476
1789560344	332.35	61	100	1590	0x0000000000000004	23292	44785704	8388604	8378476
1789560346	331.95	60	100	1605	0x0000000000000004	23292	44812964	8388604	8378476
1789560348	333.56	60	100	1605	0x0000000000000004	23292	44666776	8388604	8378476
1789560350	329.19	60	100	1890	0x0000000000000004	23292	44449688	8388604	8378476
1789560352	333.16	60	100	1890	0x0000000000000004	23292	44340192	8388604	7939604
1789560354	337.96	60	100	1800	0x0000000000000004	23292	44748572	8388604	8378476
1789560356	337.58	61	100	1575	0x0000000000000004	23292	44693540	8388604	8378476
1789560358	329.79	61	100	1890	0x0000000000000004	23292	44749524	8388604	8378476
1789560360	337.85	61	100	1620	0x0000000000000004	23292	44752592	8388604	8378476
1789560362	331.49	61	100	1890	0x0000000000000004	23292	44721192	8388604	8378476
1789560364	337.15	62	100	1620	0x0000000000000004	23292	44753656	8388604	8378476
1789560366	331.02	61	100	1875	0x0000000000000004	23292	44766888	8388604	8378476
1789560368	333.32	62	100	1605	0x0000000000000004	23292	44596380	8388604	8378476
1789560370	339.30	62	100	1590	0x0000000000000004	23292	44834864	8388604	8378476
1789560372	340.07	62	100	1800	0x0000000000000004	23292	44812064	8388604	8378476
1789560374	326.68	62	100	1830	0x0000000000000004	23292	44551084	8388604	8378476
1789560376	330.06	61	100	1860	0x0000000000000004	23292	44478544	8388604	8378476
1789560378	329.42	61	100	1875	0x0000000000000004	23292	44500260	8388604	8378476
1789560380	331.25	61	100	1875	0x0000000000000004	23292	44518044	8388604	8378476
1789560382	333.20	61	100	1875	0x0000000000000004	23292	44543976	8388604	8378476
1789560384	331.47	63	100	1845	0x0000000000000004	23292	44592900	8388604	8378476
1789560386	333.98	62	100	1770	0x0000000000000004	23292	44614000	8388604	8378476
1789560388	341.18	63	100	1620	0x0000000000000004	23292	44488948	8388604	8378476
1789560390	335.53	63	100	1560	0x0000000000000004	23292	44640988	8388604	8378476
1789560392	337.49	62	100	1875	0x0000000000000004	23292	44658612	8388604	8378476
1789560394	332.33	62	100	1845	0x0000000000000004	23292	44522204	8388604	8378476
1789560396	339.53	63	100	1605	0x0000000000000004	23292	44612136	8388604	8378476
1789560398	334.97	63	100	1890	0x0000000000000004	23292	44609904	8388604	8378476
1789560400	332.53	64	100	1620	0x0000000000000004	23292	44631992	8388604	8378476
1789560402	335.96	63	100	1890	0x0000000000000004	23292	44662456	8388604	8378476
1789560404	337.34	63	100	1710	0x0000000000000004	23292	44666588	8388604	8378476
1789560406	336.31	63	100	1875	0x0000000000000004	23292	44661564	8388604	8378476
1789560409	334.97	64	100	1590	0x0000000000000004	23292	44520588	8388604	8378476
1789560411	336.98	63	100	1860	0x0000000000000004	23292	44601536	8388604	8378476
1789560413	334.54	63	100	1875	0x0000000000000004	23292	44564340	8388604	8378476
1789560415	333.38	64	100	1605	0x0000000000000004	23292	44121760	8388604	7998476
1789560417	337.33	64	100	1800	0x0000000000000004	23292	44293292	8388604	8378476
1789560419	337.53	63	100	1890	0x0000000000000004	23292	44339008	8388604	8378476
1789560421	335.85	64	100	1890	0x0000000000000004	23292	44386360	8388604	8378476
1789560423	332.17	64	100	1755	0x0000000000000004	23292	44230984	8388604	8378476
1789560425	332.88	64	100	1590	0x0000000000000004	23292	44210632	8388604	8378476
1789560427	339.46	65	100	1575	0x0000000000000004	23292	44256748	8388604	8378476
1789560429	338.46	64	100	1605	0x0000000000000004	23292	44307372	8388604	8378476
1789560431	338.14	64	100	1590	0x0000000000000004	23292	44331572	8388604	8378476
1789560433	336.28	64	100	1590	0x0000000000000004	23292	44370596	8388604	8378476
1789560435	331.77	65	100	1590	0x0000000000000004	23292	44401300	8388604	8378476
1789560437	338.10	64	100	1605	0x0000000000000004	23292	44520908	8388604	8378476
1789560439	331.35	65	100	1845	0x0000000000000004	23292	44524684	8388604	8378476
1789560441	333.83	64	100	1875	0x0000000000000004	23292	44549616	8388604	8378476
1789560443	336.74	63	100	1875	0x0000000000000004	23292	44473144	8388604	8378476
1789560445	336.30	65	100	1725	0x0000000000000004	23292	44400300	8388604	8378476
1789560447	339.17	65	100	1575	0x0000000000000004	23292	44401576	8388604	8378476
1789560449	332.64	64	100	1875	0x0000000000000004	23292	44400160	8388604	8378476
1789560451	337.92	63	100	1845	0x0000000000000004	23292	44369912	8388604	8378476
1789560453	333.45	65	100	1590	0x0000000000000004	23292	44418296	8388604	8378476
1789560455	332.21	64	100	1875	0x0000000000000004	23292	44428288	8388604	8378476
1789560457	336.62	63	100	1815	0x0000000000000004	23292	44455552	8388604	8378476
1789560459	334.42	65	100	1575	0x0000000000000004	23292	44481884	8388604	8378476
1789560461	336.80	63	100	1875	0x0000000000000004	23292	44501148	8388604	8378476
1789560463	342.98	65	100	1590	0x0000000000000004	23292	44345856	8388604	8378476
1789560465	331.97	64	100	1875	0x0000000000000004	23292	44534904	8388604	8378476
1789560467	342.15	65	100	1590	0x0000000000000004	23292	44533008	8388604	8378476
1789560469	335.40	64	100	1875	0x0000000000000004	23292	44477776	8388604	8378476
1789560471	334.87	64	100	1590	0x0000000000000004	23292	44466712	8388604	8378476
1789560473	333.02	65	100	1830	0x0000000000000004	23292	44525680	8388604	8378476
1789560475	335.31	65	100	1875	0x0000000000000004	23292	44529892	8388604	8378476
1789560477	341.67	65	100	1590	0x0000000000000004	23292	44160336	8388604	8378472
1789560479	337.33	63	100	1860	0x0000000000000004	23292	43965172	8388604	7949780
1789560481	336.68	64	100	1875	0x0000000000000004	23292	44057096	8388604	8378472
1789560483	342.79	65	95	1590	0x0000000000000004	23292	44074004	8388604	8378472
1789560485	339.83	63	100	1815	0x0000000000000004	23292	44046572	8388604	8378472
1789560487	332.88	64	100	1875	0x0000000000000004	23292	44063148	8388604	8378472
1789560489	338.02	64	100	1890	0x0000000000000004	23292	44045032	8388604	8378472
1789560491	341.63	65	100	1590	0x0000000000000004	23292	44234632	8388604	8378472
1789560493	342.38	64	100	1695	0x0000000000000004	23292	44234456	8388604	8378472
1789560495	339.75	63	100	1830	0x0000000000000004	23292	44287884	8388604	8378472
1789560497	334.88	64	100	1875	0x0000000000000004	23292	44350636	8388604	8378472
1789560499	335.45	63	100	1875	0x0000000000000004	23292	44365340	8388604	8378472
1789560502	337.69	64	100	1875	0x0000000000000004	23292	44418372	8388604	8378472
1789560504	337.48	65	100	1875	0x0000000000000004	23292	44333760	8388604	8378472
1789560506	337.15	65	100	1875	0x0000000000000004	23292	44485948	8388604	8378472
1789560508	339.97	65	100	1890	0x0000000000000004	23292	44537224	8388604	8378472
1789560510	337.79	64	100	1890	0x0000000000000004	23292	44459572	8388604	8378472
1789560512	336.62	65	100	1875	0x0000000000000004	23292	44496880	8388604	8378472
1789560514	338.09	65	100	1875	0x0000000000000004	23292	44508652	8388604	8378472
1789560516	338.92	64	100	1890	0x0000000000000004	23292	44537456	8388604	8378472
1789560518	338.42	64	100	1875	0x0000000000000004	23292	44330432	8388604	8378472
1789560520	336.53	64	100	1875	0x0000000000000004	23292	44536648	8388604	8378472
1789560522	332.44	64	100	1875	0x0000000000000004	23292	44525620	8388604	8378472
1789560524	339.05	64	100	1830	0x0000000000000004	23292	44422728	8388604	8378472
1789560526	331.33	63	100	1605	0x0000000000000004	23292	44213404	8388604	8378472
1789560528	338.06	66	100	1755	0x0000000000000004	23292	44251888	8388604	8378472
1789560530	337.21	65	100	1875	0x0000000000000004	23292	44233140	8388604	8378472
1789560532	335.85	64	100	1875	0x0000000000000004	23292	44178004	8388604	8378472
1789560534	335.18	65	100	1785	0x0000000000000004	23292	44209376	8388604	8378472
1789560536	340.13	65	100	1605	0x0000000000000004	23292	44225256	8388604	8378472
1789560538	338.27	65	100	1875	0x0000000000000004	23292	44066196	8388604	8378472
1789560540	336.11	64	100	1875	0x0000000000000004	23292	44168724	8388604	8378472
1789560542	339.35	65	100	1740	0x0000000000000004	23292	43740288	8388604	8043560
1789560544	341.48	65	100	1740	0x0000000000000004	23292	43957612	8388604	8378472
1789560546	338.05	64	100	1875	0x0000000000000004	23292	43969336	8388604	8378472
1789560548	337.74	64	100	1725	0x0000000000000004	23292	43972224	8388604	8378472
1789560550	339.51	65	100	1740	0x0000000000000004	23292	44010544	8388604	8378472
1789560552	338.16	64	100	1875	0x0000000000000004	23292	43990492	8388604	8378472
1789560554	338.39	64	100	1590	0x0000000000000004	23292	44116728	8388604	8378472
1789560556	339.17	65	100	1875	0x0000000000000004	23292	44139944	8388604	8378472
1789560558	337.28	64	100	1800	0x0000000000000004	23292	44009660	8388604	8378472
1789560560	338.80	65	100	1875	0x0000000000000004	23292	44116368	8388604	8378472
1789560562	337.94	64	100	1845	0x0000000000000004	23292	44153976	8388604	8378472
1789560564	337.91	66	100	1890	0x0000000000000004	23292	44190252	8388604	8378472
1789560566	339.14	64	100	1875	0x0000000000000004	23292	44366316	8388604	8378472
1789560568	338.28	65	100	1680	0x0000000000000004	23292	44377924	8388604	8378472
1789560570	338.65	64	100	1860	0x0000000000000004	23292	44410384	8388604	8378472
1789560572	339.28	65	100	1890	0x0000000000000004	23292	44361868	8388604	8378472
1789560574	339.61	64	100	1815	0x0000000000000004	23292	44363392	8388604	8378472
1789560576	338.95	65	100	1875	0x0000000000000004	23292	44376544	8388604	8378472
1789560578	338.33	65	100	1590	0x0000000000000004	23292	44118336	8388604	8378472
1789560580	337.43	64	100	1875	0x0000000000000004	23292	44306656	8388604	8378472
1789560582	335.18	65	100	1875	0x0000000000000004	23292	44339332	8388604	8378472
1789560584	340.58	64	100	1845	0x0000000000000004	23292	44263960	8388604	8378472
1789560586	339.15	65	100	1875	0x0000000000000004	23292	44351524	8388604	8378472
1789560588	337.57	65	100	1590	0x0000000000000004	23292	44355200	8388604	8378472
1789560590	339.04	64	100	1830	0x0000000000000004	23292	44402020	8388604	8378472
1789560593	337.31	65	100	1875	0x0000000000000004	23292	44271912	8388604	8378472
1789560595	340.04	65	100	1845	0x0000000000000004	23292	44300672	8388604	8378472
1789560597	340.18	65	100	1695	0x0000000000000004	23292	44318796	8388604	8378472
1789560599	338.92	64	100	1875	0x0000000000000004	23292	44165724	8388604	8378472
1789560601	338.72	65	100	1875	0x0000000000000004	23292	44406056	8388604	8378472
1789560603	334.71	65	100	1575	0x0000000000000004	23292	44410684	8388604	8378472
1789560605	340.64	65	100	1725	0x0000000000000004	23292	43833852	8388604	8207632
1789560607	338.99	64	100	1875	0x0000000000000004	23292	44267332	8388604	8378472
1789560609	338.57	65	100	1875	0x0000000000000004	23292	44250172	8388604	8378472
1789560611	337.89	65	100	1875	0x0000000000000004	23292	44234352	8388604	8378472
1789560613	335.64	65	100	1590	0x0000000000000004	23292	44055796	8388604	8378472
1789560615	342.20	65	100	1590	0x0000000000000004	23292	44101856	8388604	8378472
1789560617	340.01	64	100	1845	0x0000000000000004	23292	44130004	8388604	8378472
1789560619	337.90	64	100	1875	0x0000000000000004	23292	44121492	8388604	8378472
1789560621	332.64	64	100	1875	0x0000000000000004	23292	43986952	8388604	8378472
1789560623	338.88	64	100	1875	0x0000000000000004	23292	43986900	8388604	8378472
1789560625	335.70	64	100	1875	0x0000000000000004	23292	44019512	8388604	8378472
1789560627	335.58	65	100	1875	0x0000000000000004	23292	44092428	8388604	8378472
1789560629	334.04	65	100	1875	0x0000000000000004	23292	44129280	8388604	8378472
1789560631	335.69	65	100	1905	0x0000000000000004	23292	44180340	8388604	8378472
1789560633	343.32	65	100	1590	0x0000000000000004	23292	44059944	8388604	8378472
1789560635	343.41	65	100	1590	0x0000000000000004	23292	44252844	8388604	8378472
1789560637	339.83	65	100	1590	0x0000000000000004	23292	44265092	8388604	8378472
1789560639	340.61	66	100	1575	0x0000000000000004	23292	44177280	8388604	8378472
1789560641	344.41	65	100	1590	0x0000000000000004	23292	44334864	8388604	8378472
1789560643	344.15	65	100	1590	0x0000000000000004	23292	44318500	8388604	8378472
1789560645	344.66	65	100	1575	0x0000000000000004	23292	44293220	8388604	8378472
1789560647	339.12	66	100	1590	0x0000000000000004	23292	44230892	8388604	8378472
1789560649	333.84	65	100	1605	0x0000000000000004	23292	44230740	8388604	8378472
1789560651	341.07	65	100	1890	0x0000000000000004	23292	44215812	8388604	8378472
1789560653	335.94	65	100	1875	0x0000000000000004	23292	44067752	8388604	8378472
1789560655	334.82	65	100	1875	0x0000000000000004	23292	44135392	8388604	8378472
1789560657	339.94	65	100	1875	0x0000000000000004	23292	44202332	8388604	8378472
1789560659	335.78	64	100	1875	0x0000000000000004	23292	44135792	8388604	8378472
1789560661	337.84	64	100	1875	0x0000000000000004	23292	44110960	8388604	8378472
1789560663	339.78	64	100	1875	0x0000000000000004	23292	44164124	8388604	8378472
1789560665	345.86	64	100	1755	0x0000000000000004	23292	44221824	8388604	8378472
1789560667	339.80	65	100	1575	0x0000000000000004	23292	43904200	8388604	8378472
1789560669	341.73	65	100	1905	0x0000000000000004	23292	43807040	8388604	7877968
1789560671	334.59	65	100	1875	0x0000000000000004	23292	44189860	8388604	8378472
1789560673	339.11	65	100	1875	0x0000000000000004	23292	43997592	8388604	8378472
1789560675	341.41	63	100	1875	0x0000000000000004	23292	44212224	8388604	8378472
1789560677	341.62	65	100	1740	0x0000000000000004	23292	44221256	8388604	8378472
1789560679	344.68	65	100	1590	0x0000000000000004	23292	44162356	8388604	8378472
1789560681	334.53	65	100	1875	0x0000000000000004	23292	44100052	8388604	8378472
1789560683	339.06	64	100	1875	0x0000000000000004	23292	44096652	8388604	8378472
1789560686	338.73	63	100	1845	0x0000000000000004	23292	44136692	8388604	8378472
1789560688	343.77	65	100	1590	0x0000000000000004	23292	44169776	8388604	8378472
1789560690	337.47	65	100	1875	0x0000000000000004	23292	44171100	8388604	8378472
1789560692	338.85	64	100	1875	0x0000000000000004	23292	44213112	8388604	8378472
1789560694	345.24	64	100	1830	0x0000000000000004	23292	43983244	8388604	8378472
1789560696	344.70	65	100	1605	0x0000000000000004	23292	44134168	8388604	8378472
1789560698	334.45	65	100	1875	0x0000000000000004	23292	44182828	8388604	8378472
1789560700	338.54	64	100	1875	0x0000000000000004	23292	44169736	8388604	8378472
1789560702	341.17	65	100	1590	0x0000000000000004	23292	44199868	8388604	8378472
1789560704	339.13	64	100	1875	0x0000000000000004	23292	44240796	8388604	8378472
1789560706	338.77	63	100	1860	0x0000000000000004	23292	44249556	8388604	8378472
1789560708	343.30	65	100	1590	0x0000000000000004	23292	44258356	8388604	8378472
1789560710	333.73	64	100	1890	0x0000000000000004	23292	44264476	8388604	8378472
1789560712	343.78	63	100	1845	0x0000000000000004	23292	44264196	8388604	8378472
1789560714	343.51	65	100	1785	0x0000000000000004	23292	44054032	8388604	8378472
1789560716	334.08	64	100	1875	0x0000000000000004	23292	44157780	8388604	8378472
1789560718	344.61	64	100	1605	0x0000000000000004	23292	44210360	8388604	8378472
1789560720	333.68	65	100	1875	0x0000000000000004	23292	44221676	8388604	8378472
1789560722	338.26	63	100	1875	0x0000000000000004	23292	44210768	8388604	8378472
1789560724	341.52	65	100	1860	0x0000000000000004	23292	44213020	8388604	8378472
1789560726	335.36	64	100	1875	0x0000000000000004	23292	44245936	8388604	8378472
1789560728	340.88	63	100	1740	0x0000000000000004	23292	44015792	8388604	8378472
1789560730	337.30	64	100	1875	0x0000000000000004	23292	43920700	8388604	8378472
1789560732	344.99	64	100	1575	0x0000000000000004	23292	43662828	8388604	7875576
1789560734	334.48	64	100	1875	0x0000000000000004	23292	43968216	8388604	8378444
1789560736	345.12	64	100	1665	0x0000000000000004	23292	43934696	8388604	8378444
1789560738	333.64	64	100	1875	0x0000000000000004	23292	43915748	8388604	8378444
1789560740	340.75	65	100	1695	0x0000000000000004	23292	43814064	8388604	8378444
1789560742	338.08	64	100	1875	0x0000000000000004	23292	43836348	8388604	8378444
1789560744	345.51	64	100	1635	0x0000000000000004	23292	43850976	8388604	8378444
1789560746	336.25	64	100	1875	0x0000000000000004	23292	43846608	8388604	8378444
1789560748	341.85	65	100	1590	0x0000000000000004	23292	43827004	8388604	8378444
1789560750	337.09	64	100	1875	0x0000000000000004	23292	43948124	8388604	8378444
1789560752	344.59	65	100	1590	0x0000000000000004	23292	44005264	8388604	8378444
1789560754	334.82	64	100	1875	0x0000000000000004	23292	43839388	8388604	8378444
1789560756	341.56	65	100	1815	0x0000000000000004	23292	44027500	8388604	8378444
1789560758	334.73	63	100	1875	0x0000000000000004	23292	44075932	8388604	8378444
1789560760	341.60	64	100	1875	0x0000000000000004	23292	44067548	8388604	8378444
1789560762	343.39	64	100	1725	0x0000000000000004	23292	43984756	8388604	8378444
1789560764	334.88	64	100	1875	0x0000000000000004	23292	44058100	8388604	8378444
1789560766	345.11	64	100	1590	0x0000000000000004	23292	44064032	8388604	8378444
1789560768	336.33	64	100	1875	0x0000000000000004	23292	43997632	8388604	8378444
1789560770	342.02	64	100	1875	0x0000000000000004	23292	44080936	8388604	8378444
1789560772	343.63	64	100	1710	0x0000000000000004	23292	44117616	8388604	8378444
1789560774	335.22	64	100	1875	0x0000000000000004	23292	43942584	8388604	8378444
1789560777	341.68	64	100	1905	0x0000000000000004	23292	44069300	8388604	8378444
1789560779	339.03	63	100	1815	0x0000000000000004	23292	44047692	8388604	8378444
1789560781	336.62	64	100	1875	0x0000000000000004	23292	44082732	8388604	8378444
1789560783	341.64	64	100	1905	0x0000000000000004	23292	44165160	8388604	8378444
1789560785	335.08	64	100	1845	0x0000000000000004	23292	44163296	8388604	8378444
1789560787	339.12	64	100	1875	0x0000000000000004	23292	44157880	8388604	8378444
1789560789	339.29	64	100	1905	0x0000000000000004	23292	44108644	8388604	8378444
1789560791	344.88	64	100	1770	0x0000000000000004	23292	44103632	8388604	8378444
1789560793	335.11	64	100	1875	0x0000000000000004	23292	44001328	8388604	8378444
1789560795	340.00	64	100	1875	0x0000000000000004	23292	43543800	8388604	7991164
1789560797	344.28	64	100	1575	0x0000000000000004	23292	43712588	8388604	8378472
1789560799	336.02	63	100	1875	0x0000000000000004	23292	43756608	8388604	8378472
1789560801	336.99	64	100	1875	0x0000000000000004	23292	43798440	8388604	8378472
1789560803	342.24	64	100	1905	0x0000000000000004	23292	43789660	8388604	8378472
1789560805	343.20	63	100	1665	0x0000000000000004	23292	43856284	8388604	8378472
1789560807	333.97	64	100	1875	0x0000000000000004	23292	43869344	8388604	8378472
1789560809	338.56	64	100	1875	0x0000000000000004	23292	43719408	8388604	8378472
1789560811	340.51	64	100	1890	0x0000000000000004	23292	43816720	8388604	8378472
1789560813	343.71	65	100	1590	0x0000000000000004	23292	43850516	8388604	8378472
1789560815	335.22	64	100	1875	0x0000000000000004	23292	43769384	8388604	8378472
1789560817	337.99	64	100	1875	0x0000000000000004	23292	43841580	8388604	8378472
1789560819	339.76	64	100	1875	0x0000000000000004	23292	43912864	8388604	8378472
1789560821	344.77	64	100	1635	0x0000000000000004	23292	43949540	8388604	8378472
1789560823	343.80	63	100	1665	0x0000000000000004	23292	43848672	8388604	8378472
1789560825	335.10	63	100	1875	0x0000000000000004	23292	43952640	8388604	8378472
1789560827	334.67	64	100	1875	0x0000000000000004	23292	44003384	8388604	8378472
1789560829	341.52	64	100	1875	0x0000000000000004	23292	43871284	8388604	8378472
1789560831	341.19	64	100	1875	0x0000000000000004	23292	44037220	8388604	8378472
1789560833	336.50	64	100	1905	0x0000000000000004	23292	43820568	8388604	8378472
1789560835	344.43	64	100	1590	0x0000000000000004	23292	43761648	8388604	8378472
1789560837	344.02	63	100	1830	0x0000000000000004	23292	43866324	8388604	8378472
1789560839	338.21	63	100	1875	0x0000000000000004	23292	43874292	8388604	8378472
1789560841	341.19	64	100	1890	0x0000000000000004	23292	43745452	8388604	8378472
1789560843	339.14	64	100	1875	0x0000000000000004	23292	43590076	8388604	8378472
1789560845	345.50	64	100	1740	0x0000000000000004	23292	43593060	8388604	8378472
1789560847	336.71	63	100	1785	0x0000000000000004	23292	43481268	8388604	8378472
1789560849	348.68	64	99	1785	0x0000000000000004	23292	43523736	8388604	8378472
1789560851	346.06	63	99	1770	0x0000000000000004	23292	43621448	8388604	8378472
1789560853	171.80	61	0	1740	0x0000000000000000	23292	45503644	8388604	8378472
1789560855	337.07	63	100	1890	0x0000000000000004	23292	45419144	8388604	8378472
1789560857	338.31	62	100	1875	0x0000000000000004	23292	44952200	8388604	8378472
1789560859	342.74	63	100	1905	0x0000000000000004	23292	44914904	8388604	7927616
1789560861	340.04	62	100	1890	0x0000000000000004	23292	45255564	8388604	8378472
1789560863	343.03	63	100	1665	0x0000000000000004	23292	45253840	8388604	8378472
1789560865	335.92	62	100	1890	0x0000000000000004	23292	45282300	8388604	8378472
1789560867	346.02	62	100	1605	0x0000000000000004	23292	45310684	8388604	8378472
1789560870	334.58	62	100	1890	0x0000000000000004	23292	45231616	8388604	8378472
1789560872	343.47	63	100	1590	0x0000000000000004	23292	45429340	8388604	8378472
1789560874	337.21	61	100	1890	0x0000000000000004	23292	45460540	8388604	8378472
1789560876	345.23	62	100	1590	0x0000000000000004	23292	45400472	8388604	8378472
1789560878	334.28	61	100	1890	0x0000000000000004	23292	45410116	8388604	8378472
1789560880	339.67	62	100	1560	0x0000000000000004	23292	45429152	8388604	8378472
1789560882	339.17	61	100	1890	0x0000000000000004	23292	45451656	8388604	8378472
1789560884	342.07	62	100	1905	0x0000000000000004	23292	45503832	8388604	8378472
1789560886	338.31	61	100	1890	0x0000000000000004	23292	45509668	8388604	8378472
1789560888	339.90	62	100	1890	0x0000000000000004	23292	45509096	8388604	8378472
1789560890	343.97	61	100	1815	0x0000000000000004	23292	45258244	8388604	8378472
1789560892	341.19	62	100	1890	0x0000000000000004	23292	45401124	8388604	8378472
1789560894	344.02	62	100	1590	0x0000000000000004	23292	45446860	8388604	8378472
1789560896	335.73	62	100	1890	0x0000000000000004	23292	45419456	8388604	8378472
1789560898	341.14	62	100	1905	0x0000000000000004	23292	45449052	8388604	8378472
1789560900	345.29	61	100	1860	0x0000000000000004	23292	45434256	8388604	8378472
1789560902	341.56	62	100	1890	0x0000000000000004	23292	45439812	8388604	8378472
1789560904	345.49	62	100	1605	0x0000000000000004	23292	45432012	8388604	8378472
1789560906	336.43	62	100	1890	0x0000000000000004	23292	45467436	8388604	8378472
1789560908	341.55	62	100	1890	0x0000000000000004	23292	45476724	8388604	8378472
1789560910	342.77	63	100	1590	0x0000000000000004	23292	45265216	8388604	8378472
1789560912	335.04	61	100	1890	0x0000000000000004	23292	45429864	8388604	8378472
1789560914	341.67	63	100	1890	0x0000000000000004	23292	45430328	8388604	8378472
1789560916	345.05	63	100	1605	0x0000000000000004	23292	45408920	8388604	8378472
1789560918	336.80	62	100	1890	0x0000000000000004	23292	45435444	8388604	8378472
1789560920	342.36	63	100	1890	0x0000000000000004	23292	45339480	8388604	8378472
1789560922	345.32	63	100	1575	0x0000000000000004	23292	44949128	8388604	7977360
1789560924	337.34	62	100	1890	0x0000000000000004	23292	45300080	8388604	8378472
1789560926	339.70	63	100	1890	0x0000000000000004	23292	45313140	8388604	8378472
1789560928	345.14	63	100	1905	0x0000000000000004	23292	45325376	8388604	8378472
1789560930	341.86	63	100	1710	0x0000000000000004	23292	45253096	8388604	8378472
1789560932	334.65	63	100	1890	0x0000000000000004	23292	45328116	8388604	8378472
1789560934	341.97	63	100	1890	0x0000000000000004	23292	45316048	8388604	8378472
1789560936	342.26	63	100	1605	0x0000000000000004	23292	45281268	8388604	8378472
1789560938	339.23	63	100	1785	0x0000000000000004	23292	45201320	8388604	8378472
1789560940	336.84	63	100	1890	0x0000000000000004	23292	45225736	8388604	8378472
1789560942	341.44	63	100	1890	0x0000000000000004	23292	45303156	8388604	8378472
1789560944	342.08	63	100	1890	0x0000000000000004	23292	45381872	8388604	8378472
1789560946	342.81	64	100	1590	0x0000000000000004	23292	45367060	8388604	8378472
1789560948	335.29	63	100	1860	0x0000000000000004	23292	45394528	8388604	8378472
1789560950	339.05	63	100	1890	0x0000000000000004	23292	45277304	8388604	8378472
1789560952	341.99	63	100	1890	0x0000000000000004	23292	45302660	8388604	8378472
1789560954	342.24	63	100	1890	0x0000000000000004	23292	45364808	8388604	8378472
1789560956	346.25	63	100	1560	0x0000000000000004	23292	45395320	8388604	8378472
1789560958	343.61	62	100	1725	0x0000000000000004	23292	45176124	8388604	8378472
1789560960	335.58	63	100	1875	0x0000000000000004	23292	45226804	8388604	8378472
1789560963	336.17	63	100	1890	0x0000000000000004	23292	45236028	8388604	8378472
1789560965	342.26	64	100	1890	0x0000000000000004	23292	45239488	8388604	8378472
1789560967	340.46	63	100	1845	0x0000000000000004	23292	45128588	8388604	8378472
1789560969	343.03	65	100	1590	0x0000000000000004	23292	45125532	8388604	8378472
1789560971	337.15	64	100	1890	0x0000000000000004	23292	44998072	8388604	8378472
1789560973	346.29	63	100	1785	0x0000000000000004	23292	44981832	8388604	8378472
1789560975	348.23	63	98	1815	0x0000000000000004	23292	44960468	8388604	8378472
1789560977	302.93	60	0	1950	0x0000000000000004	23292	45922792	8388604	8378472
1789560979	152.56	59	0	1965	0x0000000000000000	23292	46346000	8388604	8378472
1789560981	126.77	57	0	1695	0x0000000000000000	23292	46374452	8388604	8378472
